index,component_id,duration_s,committed_valid
1,BCOMP-1000B-1,2.215,1
2,BCOMP-1000B-2,2.091,1
3,BCOMP-1000B-3,2.098,1
4,BCOMP-1000B-4,2.09,1
5,BCOMP-1000B-5,2.093,1
6,BCOMP-1000B-6,2.089,1
7,BCOMP-1000B-7,2.091,1
8,BCOMP-1000B-8,2.088,1
9,BCOMP-1000B-9,2.086,1
10,BCOMP-1000B-10,2.091,1
11,BCOMP-1000B-11,2.083,1
12,BCOMP-1000B-12,2.095,1
13,BCOMP-1000B-13,2.082,1
14,BCOMP-1000B-14,2.085,1
15,BCOMP-1000B-15,2.094,1
16,BCOMP-1000B-16,2.094,1
17,BCOMP-1000B-17,2.09,1
18,BCOMP-1000B-18,2.09,1
19,BCOMP-1000B-19,2.088,1
20,BCOMP-1000B-20,2.091,1
21,BCOMP-1000B-21,2.093,1
22,BCOMP-1000B-22,2.097,1
23,BCOMP-1000B-23,2.069,1
24,BCOMP-1000B-24,2.084,1
25,BCOMP-1000B-25,2.095,1
26,BCOMP-1000B-26,2.093,1
27,BCOMP-1000B-27,2.094,1
28,BCOMP-1000B-28,2.098,1
29,BCOMP-1000B-29,2.089,1
30,BCOMP-1000B-30,2.069,1
31,BCOMP-1000B-31,2.087,1
32,BCOMP-1000B-32,2.095,1
33,BCOMP-1000B-33,2.091,1
34,BCOMP-1000B-34,2.092,1
35,BCOMP-1000B-35,2.09,1
36,BCOMP-1000B-36,2.087,1
37,BCOMP-1000B-37,2.074,1
38,BCOMP-1000B-38,2.072,1
39,BCOMP-1000B-39,2.082,1
40,BCOMP-1000B-40,2.09,1
41,BCOMP-1000B-41,2.092,1
42,BCOMP-1000B-42,2.093,1
43,BCOMP-1000B-43,2.093,1
44,BCOMP-1000B-44,2.094,1
45,BCOMP-1000B-45,2.089,1
46,BCOMP-1000B-46,2.083,1
47,BCOMP-1000B-47,2.088,1
48,BCOMP-1000B-48,2.094,1
49,BCOMP-1000B-49,2.091,1
50,BCOMP-1000B-50,2.09,1
51,BCOMP-1000B-51,2.096,1
52,BCOMP-1000B-52,2.092,1
53,BCOMP-1000B-53,2.086,1
54,BCOMP-1000B-54,2.091,1
55,BCOMP-1000B-55,2.143,1
56,BCOMP-1000B-56,2.113,1
57,BCOMP-1000B-57,2.092,1
58,BCOMP-1000B-58,2.092,1
59,BCOMP-1000B-59,2.09,1
60,BCOMP-1000B-60,2.084,1
61,BCOMP-1000B-61,2.097,1
62,BCOMP-1000B-62,2.093,1
63,BCOMP-1000B-63,2.094,1
64,BCOMP-1000B-64,2.091,1
65,BCOMP-1000B-65,2.09,1
66,BCOMP-1000B-66,2.09,1
67,BCOMP-1000B-67,2.089,1
68,BCOMP-1000B-68,2.1,1
69,BCOMP-1000B-69,2.096,1
70,BCOMP-1000B-70,2.091,1
71,BCOMP-1000B-71,2.097,1
72,BCOMP-1000B-72,2.087,1
73,BCOMP-1000B-73,2.1,1
74,BCOMP-1000B-74,2.092,1
75,BCOMP-1000B-75,2.094,1
76,BCOMP-1000B-76,2.092,1
77,BCOMP-1000B-77,2.096,1
78,BCOMP-1000B-78,2.096,1
79,BCOMP-1000B-79,2.083,1
80,BCOMP-1000B-80,2.097,1
81,BCOMP-1000B-81,2.094,1
82,BCOMP-1000B-82,2.101,1
83,BCOMP-1000B-83,2.091,1
84,BCOMP-1000B-84,2.092,1
85,BCOMP-1000B-85,2.091,1
86,BCOMP-1000B-86,2.099,1
87,BCOMP-1000B-87,2.092,1
88,BCOMP-1000B-88,2.096,1
89,BCOMP-1000B-89,2.1,1
90,BCOMP-1000B-90,2.095,1
91,BCOMP-1000B-91,2.143,1
92,BCOMP-1000B-92,2.112,1
93,BCOMP-1000B-93,2.095,1
94,BCOMP-1000B-94,2.125,1
95,BCOMP-1000B-95,2.096,1
96,BCOMP-1000B-96,2.105,1
97,BCOMP-1000B-97,2.079,1
98,BCOMP-1000B-98,2.113,1
99,BCOMP-1000B-99,2.102,1
100,BCOMP-1000B-100,2.088,1
101,BCOMP-1000B-101,2.1,1
102,BCOMP-1000B-102,2.1,1
103,BCOMP-1000B-103,2.108,1
104,BCOMP-1000B-104,2.091,1
105,BCOMP-1000B-105,2.087,1
106,BCOMP-1000B-106,2.094,1
107,BCOMP-1000B-107,2.096,1
108,BCOMP-1000B-108,2.083,1
109,BCOMP-1000B-109,2.095,1
110,BCOMP-1000B-110,2.099,1
111,BCOMP-1000B-111,2.179,1
112,BCOMP-1000B-112,2.086,1
113,BCOMP-1000B-113,2.103,1
114,BCOMP-1000B-114,2.094,1
115,BCOMP-1000B-115,2.095,1
116,BCOMP-1000B-116,2.092,1
117,BCOMP-1000B-117,2.096,1
118,BCOMP-1000B-118,2.081,1
119,BCOMP-1000B-119,2.092,1
120,BCOMP-1000B-120,2.085,1
121,BCOMP-1000B-121,2.087,1
122,BCOMP-1000B-122,2.093,1
123,BCOMP-1000B-123,2.085,1
124,BCOMP-1000B-124,2.091,1
125,BCOMP-1000B-125,2.1,1
126,BCOMP-1000B-126,2.098,1
127,BCOMP-1000B-127,2.082,1
128,BCOMP-1000B-128,2.108,1
129,BCOMP-1000B-129,2.106,1
130,BCOMP-1000B-130,2.095,1
131,BCOMP-1000B-131,2.097,1
132,BCOMP-1000B-132,2.097,1
133,BCOMP-1000B-133,2.101,1
134,BCOMP-1000B-134,2.091,1
135,BCOMP-1000B-135,2.087,1
136,BCOMP-1000B-136,2.097,1
137,BCOMP-1000B-137,2.099,1
138,BCOMP-1000B-138,2.093,1
139,BCOMP-1000B-139,2.097,1
140,BCOMP-1000B-140,2.098,1
141,BCOMP-1000B-141,2.094,1
142,BCOMP-1000B-142,2.097,1
143,BCOMP-1000B-143,2.091,1
144,BCOMP-1000B-144,2.099,1
145,BCOMP-1000B-145,2.085,1
146,BCOMP-1000B-146,2.099,1
147,BCOMP-1000B-147,2.103,1
148,BCOMP-1000B-148,2.109,1
149,BCOMP-1000B-149,2.087,1
150,BCOMP-1000B-150,2.102,1
151,BCOMP-1000B-151,2.099,1
152,BCOMP-1000B-152,2.091,1
153,BCOMP-1000B-153,2.094,1
154,BCOMP-1000B-154,2.094,1
155,BCOMP-1000B-155,2.099,1
156,BCOMP-1000B-156,2.086,1
157,BCOMP-1000B-157,2.096,1
158,BCOMP-1000B-158,2.097,1
159,BCOMP-1000B-159,2.089,1
160,BCOMP-1000B-160,2.09,1
161,BCOMP-1000B-161,2.096,1
162,BCOMP-1000B-162,2.104,1
163,BCOMP-1000B-163,2.097,1
164,BCOMP-1000B-164,2.102,1
165,BCOMP-1000B-165,2.098,1
166,BCOMP-1000B-166,2.096,1
167,BCOMP-1000B-167,2.095,1
168,BCOMP-1000B-168,2.099,1
169,BCOMP-1000B-169,2.088,1
170,BCOMP-1000B-170,2.092,1
171,BCOMP-1000B-171,2.09,1
172,BCOMP-1000B-172,2.098,1
173,BCOMP-1000B-173,2.099,1
174,BCOMP-1000B-174,2.091,1
175,BCOMP-1000B-175,2.096,1
176,BCOMP-1000B-176,2.092,1
177,BCOMP-1000B-177,2.096,1
178,BCOMP-1000B-178,2.095,1
179,BCOMP-1000B-179,2.095,1
180,BCOMP-1000B-180,2.091,1
181,BCOMP-1000B-181,2.09,1
182,BCOMP-1000B-182,2.096,1
183,BCOMP-1000B-183,2.084,1
184,BCOMP-1000B-184,2.084,1
185,BCOMP-1000B-185,2.09,1
186,BCOMP-1000B-186,2.095,1
187,BCOMP-1000B-187,2.084,1
188,BCOMP-1000B-188,2.091,1
189,BCOMP-1000B-189,2.093,1
190,BCOMP-1000B-190,2.094,1
191,BCOMP-1000B-191,2.096,1
192,BCOMP-1000B-192,2.085,1
193,BCOMP-1000B-193,2.091,1
194,BCOMP-1000B-194,2.093,1
195,BCOMP-1000B-195,2.095,1
196,BCOMP-1000B-196,2.092,1
197,BCOMP-1000B-197,2.085,1
198,BCOMP-1000B-198,2.092,1
199,BCOMP-1000B-199,2.09,1
200,BCOMP-1000B-200,2.093,1
201,BCOMP-1000B-201,2.092,1
202,BCOMP-1000B-202,2.082,1
203,BCOMP-1000B-203,2.088,1
204,BCOMP-1000B-204,2.089,1
205,BCOMP-1000B-205,2.091,1
206,BCOMP-1000B-206,2.094,1
207,BCOMP-1000B-207,2.092,1
208,BCOMP-1000B-208,2.089,1
209,BCOMP-1000B-209,2.087,1
210,BCOMP-1000B-210,2.077,1
211,BCOMP-1000B-211,2.071,1
212,BCOMP-1000B-212,2.113,1
213,BCOMP-1000B-213,2.102,1
214,BCOMP-1000B-214,2.096,1
215,BCOMP-1000B-215,2.094,1
216,BCOMP-1000B-216,2.095,1
217,BCOMP-1000B-217,2.092,1
218,BCOMP-1000B-218,2.113,1
219,BCOMP-1000B-219,2.097,1
220,BCOMP-1000B-220,2.092,1
221,BCOMP-1000B-221,2.097,1
222,BCOMP-1000B-222,2.093,1
223,BCOMP-1000B-223,2.094,1
224,BCOMP-1000B-224,2.079,1
225,BCOMP-1000B-225,2.072,1
226,BCOMP-1000B-226,2.087,1
227,BCOMP-1000B-227,2.101,1
228,BCOMP-1000B-228,2.118,1
229,BCOMP-1000B-229,2.106,1
230,BCOMP-1000B-230,2.095,1
231,BCOMP-1000B-231,2.101,1
232,BCOMP-1000B-232,2.089,1
233,BCOMP-1000B-233,2.095,1
234,BCOMP-1000B-234,2.095,1
235,BCOMP-1000B-235,2.095,1
236,BCOMP-1000B-236,2.096,1
237,BCOMP-1000B-237,2.091,1
238,BCOMP-1000B-238,2.078,1
239,BCOMP-1000B-239,2.086,1
240,BCOMP-1000B-240,2.084,1
241,BCOMP-1000B-241,2.097,1
242,BCOMP-1000B-242,2.092,1
243,BCOMP-1000B-243,2.097,1
244,BCOMP-1000B-244,2.097,1
245,BCOMP-1000B-245,2.119,1
246,BCOMP-1000B-246,2.096,1
247,BCOMP-1000B-247,2.087,1
248,BCOMP-1000B-248,2.094,1
249,BCOMP-1000B-249,2.095,1
250,BCOMP-1000B-250,2.105,1
251,BCOMP-1000B-251,2.09,1
252,BCOMP-1000B-252,2.077,1
253,BCOMP-1000B-253,2.084,1
254,BCOMP-1000B-254,2.09,1
255,BCOMP-1000B-255,2.087,1
256,BCOMP-1000B-256,2.095,1
257,BCOMP-1000B-257,2.095,1
258,BCOMP-1000B-258,2.09,1
259,BCOMP-1000B-259,2.093,1
260,BCOMP-1000B-260,2.094,1
261,BCOMP-1000B-261,2.088,1
262,BCOMP-1000B-262,2.094,1
263,BCOMP-1000B-263,2.114,1
264,BCOMP-1000B-264,2.105,1
265,BCOMP-1000B-265,2.092,1
266,BCOMP-1000B-266,2.114,1
267,BCOMP-1000B-267,2.073,1
268,BCOMP-1000B-268,2.084,1
269,BCOMP-1000B-269,2.091,1
270,BCOMP-1000B-270,2.095,1
271,BCOMP-1000B-271,2.093,1
272,BCOMP-1000B-272,2.089,1
273,BCOMP-1000B-273,2.099,1
274,BCOMP-1000B-274,2.092,1
275,BCOMP-1000B-275,2.097,1
276,BCOMP-1000B-276,2.096,1
277,BCOMP-1000B-277,2.093,1
278,BCOMP-1000B-278,2.089,1
279,BCOMP-1000B-279,2.098,1
280,BCOMP-1000B-280,2.085,1
281,BCOMP-1000B-281,2.081,1
282,BCOMP-1000B-282,2.091,1
283,BCOMP-1000B-283,2.093,1
284,BCOMP-1000B-284,2.097,1
285,BCOMP-1000B-285,2.096,1
286,BCOMP-1000B-286,2.097,1
287,BCOMP-1000B-287,2.095,1
288,BCOMP-1000B-288,2.092,1
289,BCOMP-1000B-289,2.092,1
290,BCOMP-1000B-290,2.107,1
291,BCOMP-1000B-291,2.099,1
292,BCOMP-1000B-292,2.099,1
293,BCOMP-1000B-293,2.098,1
294,BCOMP-1000B-294,2.105,1
295,BCOMP-1000B-295,2.114,1
296,BCOMP-1000B-296,2.089,1
297,BCOMP-1000B-297,2.092,1
298,BCOMP-1000B-298,2.096,1
299,BCOMP-1000B-299,2.095,1
300,BCOMP-1000B-300,2.094,1
301,BCOMP-1000B-301,2.094,1
302,BCOMP-1000B-302,2.094,1
303,BCOMP-1000B-303,2.095,1
304,BCOMP-1000B-304,2.091,1
305,BCOMP-1000B-305,2.089,1
306,BCOMP-1000B-306,2.097,1
307,BCOMP-1000B-307,2.092,1
308,BCOMP-1000B-308,2.093,1
309,BCOMP-1000B-309,2.106,1
310,BCOMP-1000B-310,2.084,1
311,BCOMP-1000B-311,2.134,1
312,BCOMP-1000B-312,2.094,1
313,BCOMP-1000B-313,2.087,1
314,BCOMP-1000B-314,2.095,1
315,BCOMP-1000B-315,2.092,1
316,BCOMP-1000B-316,2.098,1
317,BCOMP-1000B-317,2.091,1
318,BCOMP-1000B-318,2.093,1
319,BCOMP-1000B-319,2.095,1
320,BCOMP-1000B-320,2.097,1
321,BCOMP-1000B-321,2.091,1
322,BCOMP-1000B-322,2.096,1
323,BCOMP-1000B-323,2.084,1
324,BCOMP-1000B-324,2.082,1
325,BCOMP-1000B-325,2.09,1
326,BCOMP-1000B-326,2.091,1
327,BCOMP-1000B-327,2.09,1
328,BCOMP-1000B-328,2.093,1
329,BCOMP-1000B-329,2.095,1
330,BCOMP-1000B-330,2.098,1
331,BCOMP-1000B-331,2.093,1
332,BCOMP-1000B-332,2.091,1
333,BCOMP-1000B-333,2.092,1
334,BCOMP-1000B-334,2.091,1
335,BCOMP-1000B-335,2.088,1
336,BCOMP-1000B-336,2.095,1
337,BCOMP-1000B-337,2.083,1
338,BCOMP-1000B-338,2.084,1
339,BCOMP-1000B-339,2.094,1
340,BCOMP-1000B-340,2.1,1
341,BCOMP-1000B-341,2.095,1
342,BCOMP-1000B-342,2.098,1
343,BCOMP-1000B-343,2.094,1
344,BCOMP-1000B-344,2.085,1
345,BCOMP-1000B-345,2.101,1
346,BCOMP-1000B-346,2.094,1
347,BCOMP-1000B-347,2.094,1
348,BCOMP-1000B-348,2.093,1
349,BCOMP-1000B-349,2.097,1
350,BCOMP-1000B-350,2.092,1
351,BCOMP-1000B-351,2.1,1
352,BCOMP-1000B-352,2.091,1
353,BCOMP-1000B-353,2.098,1
354,BCOMP-1000B-354,2.094,1
355,BCOMP-1000B-355,2.086,1
356,BCOMP-1000B-356,2.09,1
357,BCOMP-1000B-357,2.092,1
358,BCOMP-1000B-358,2.079,1
359,BCOMP-1000B-359,2.098,1
360,BCOMP-1000B-360,2.093,1
361,BCOMP-1000B-361,2.089,1
362,BCOMP-1000B-362,2.091,1
363,BCOMP-1000B-363,2.092,1
364,BCOMP-1000B-364,2.095,1
365,BCOMP-1000B-365,2.085,1
366,BCOMP-1000B-366,2.085,1
367,BCOMP-1000B-367,2.073,1
368,BCOMP-1000B-368,2.085,1
369,BCOMP-1000B-369,2.093,1
370,BCOMP-1000B-370,2.089,1
371,BCOMP-1000B-371,2.075,1
372,BCOMP-1000B-372,2.085,1
373,BCOMP-1000B-373,2.086,1
374,BCOMP-1000B-374,2.09,1
375,BCOMP-1000B-375,2.092,1
376,BCOMP-1000B-376,2.095,1
377,BCOMP-1000B-377,2.091,1
378,BCOMP-1000B-378,2.09,1
379,BCOMP-1000B-379,2.094,1
380,BCOMP-1000B-380,2.09,1
381,BCOMP-1000B-381,2.089,1
382,BCOMP-1000B-382,2.096,1
383,BCOMP-1000B-383,2.076,1
384,BCOMP-1000B-384,2.065,1
385,BCOMP-1000B-385,2.083,1
386,BCOMP-1000B-386,2.093,1
387,BCOMP-1000B-387,2.094,1
388,BCOMP-1000B-388,2.085,1
389,BCOMP-1000B-389,2.108,1
390,BCOMP-1000B-390,2.087,1
391,BCOMP-1000B-391,2.099,1
392,BCOMP-1000B-392,2.092,1
393,BCOMP-1000B-393,2.1,1
394,BCOMP-1000B-394,2.098,1
395,BCOMP-1000B-395,2.084,1
396,BCOMP-1000B-396,2.09,1
397,BCOMP-1000B-397,2.097,1
398,BCOMP-1000B-398,2.072,1
399,BCOMP-1000B-399,2.085,1
400,BCOMP-1000B-400,2.101,1
401,BCOMP-1000B-401,2.093,1
402,BCOMP-1000B-402,2.095,1
403,BCOMP-1000B-403,2.093,1
404,BCOMP-1000B-404,2.092,1
405,BCOMP-1000B-405,2.087,1
406,BCOMP-1000B-406,2.088,1
407,BCOMP-1000B-407,2.093,1
408,BCOMP-1000B-408,2.093,1
409,BCOMP-1000B-409,2.098,1
410,BCOMP-1000B-410,2.092,1
411,BCOMP-1000B-411,2.1,1
412,BCOMP-1000B-412,2.105,1
413,BCOMP-1000B-413,2.087,1
414,BCOMP-1000B-414,2.097,1
415,BCOMP-1000B-415,2.096,1
416,BCOMP-1000B-416,2.094,1
417,BCOMP-1000B-417,2.096,1
418,BCOMP-1000B-418,2.124,1
419,BCOMP-1000B-419,2.099,1
420,BCOMP-1000B-420,2.081,1
421,BCOMP-1000B-421,2.112,1
422,BCOMP-1000B-422,2.103,1
423,BCOMP-1000B-423,2.094,1
424,BCOMP-1000B-424,2.102,1
425,BCOMP-1000B-425,2.122,1
426,BCOMP-1000B-426,2.107,1
427,BCOMP-1000B-427,2.091,1
428,BCOMP-1000B-428,2.093,1
429,BCOMP-1000B-429,2.099,1
430,BCOMP-1000B-430,2.095,1
431,BCOMP-1000B-431,2.093,1
432,BCOMP-1000B-432,2.094,1
433,BCOMP-1000B-433,2.095,1
434,BCOMP-1000B-434,2.098,1
435,BCOMP-1000B-435,2.093,1
436,BCOMP-1000B-436,2.095,1
437,BCOMP-1000B-437,2.084,1
438,BCOMP-1000B-438,2.088,1
439,BCOMP-1000B-439,2.09,1
440,BCOMP-1000B-440,2.09,1
441,BCOMP-1000B-441,2.084,1
442,BCOMP-1000B-442,2.095,1
443,BCOMP-1000B-443,2.091,1
444,BCOMP-1000B-444,2.096,1
445,BCOMP-1000B-445,2.089,1
446,BCOMP-1000B-446,2.091,1
447,BCOMP-1000B-447,2.094,1
448,BCOMP-1000B-448,2.094,1
449,BCOMP-1000B-449,2.082,1
450,BCOMP-1000B-450,2.103,1
451,BCOMP-1000B-451,2.088,1
452,BCOMP-1000B-452,2.102,1
453,BCOMP-1000B-453,2.085,1
454,BCOMP-1000B-454,2.098,1
455,BCOMP-1000B-455,2.096,1
456,BCOMP-1000B-456,2.097,1
457,BCOMP-1000B-457,2.092,1
458,BCOMP-1000B-458,2.093,1
459,BCOMP-1000B-459,2.083,1
460,BCOMP-1000B-460,2.088,1
461,BCOMP-1000B-461,2.089,1
462,BCOMP-1000B-462,2.095,1
463,BCOMP-1000B-463,2.093,1
464,BCOMP-1000B-464,2.09,1
465,BCOMP-1000B-465,2.097,1
466,BCOMP-1000B-466,2.082,1
467,BCOMP-1000B-467,2.091,1
468,BCOMP-1000B-468,2.101,1
469,BCOMP-1000B-469,2.092,1
470,BCOMP-1000B-470,2.094,1
471,BCOMP-1000B-471,2.095,1
472,BCOMP-1000B-472,2.099,1
473,BCOMP-1000B-473,2.095,1
474,BCOMP-1000B-474,2.101,1
475,BCOMP-1000B-475,2.103,1
476,BCOMP-1000B-476,2.094,1
477,BCOMP-1000B-477,2.087,1
478,BCOMP-1000B-478,2.09,1
479,BCOMP-1000B-479,2.093,1
480,BCOMP-1000B-480,2.09,1
481,BCOMP-1000B-481,2.094,1
482,BCOMP-1000B-482,2.099,1
483,BCOMP-1000B-483,2.094,1
484,BCOMP-1000B-484,2.11,1
485,BCOMP-1000B-485,2.097,1
486,BCOMP-1000B-486,2.097,1
487,BCOMP-1000B-487,2.085,1
488,BCOMP-1000B-488,2.091,1
489,BCOMP-1000B-489,2.094,1
490,BCOMP-1000B-490,2.097,1
491,BCOMP-1000B-491,2.088,1
492,BCOMP-1000B-492,2.101,1
493,BCOMP-1000B-493,2.084,1
494,BCOMP-1000B-494,2.092,1
495,BCOMP-1000B-495,2.093,1
496,BCOMP-1000B-496,2.094,1
497,BCOMP-1000B-497,2.094,1
498,BCOMP-1000B-498,2.099,1
499,BCOMP-1000B-499,2.105,1
500,BCOMP-1000B-500,2.088,1
501,BCOMP-1000B-501,2.08,1
502,BCOMP-1000B-502,2.083,1
503,BCOMP-1000B-503,2.082,1
504,BCOMP-1000B-504,2.09,1
505,BCOMP-1000B-505,2.094,1
506,BCOMP-1000B-506,2.088,1
507,BCOMP-1000B-507,2.09,1
508,BCOMP-1000B-508,2.088,1
509,BCOMP-1000B-509,2.114,1
510,BCOMP-1000B-510,2.088,1
511,BCOMP-1000B-511,2.09,1
512,BCOMP-1000B-512,2.089,1
513,BCOMP-1000B-513,2.099,1
514,BCOMP-1000B-514,2.084,1
515,BCOMP-1000B-515,2.088,1
516,BCOMP-1000B-516,2.084,1
517,BCOMP-1000B-517,2.098,1
518,BCOMP-1000B-518,2.091,1
519,BCOMP-1000B-519,2.102,1
520,BCOMP-1000B-520,2.088,1
521,BCOMP-1000B-521,2.128,1
522,BCOMP-1000B-522,2.173,1
523,BCOMP-1000B-523,2.086,1
524,BCOMP-1000B-524,2.091,1
525,BCOMP-1000B-525,2.098,1
526,BCOMP-1000B-526,2.097,1
527,BCOMP-1000B-527,2.098,1
528,BCOMP-1000B-528,2.107,1
529,BCOMP-1000B-529,2.083,1
530,BCOMP-1000B-530,2.088,1
531,BCOMP-1000B-531,2.093,1
532,BCOMP-1000B-532,2.095,1
533,BCOMP-1000B-533,2.093,1
534,BCOMP-1000B-534,2.083,1
535,BCOMP-1000B-535,2.096,1
536,BCOMP-1000B-536,2.087,1
537,BCOMP-1000B-537,2.097,1
538,BCOMP-1000B-538,2.093,1
539,BCOMP-1000B-539,2.089,1
540,BCOMP-1000B-540,2.091,1
541,BCOMP-1000B-541,2.097,1
542,BCOMP-1000B-542,2.075,1
543,BCOMP-1000B-543,2.08,1
544,BCOMP-1000B-544,2.083,1
545,BCOMP-1000B-545,2.09,1
546,BCOMP-1000B-546,2.082,1
547,BCOMP-1000B-547,2.089,1
548,BCOMP-1000B-548,2.095,1
549,BCOMP-1000B-549,2.107,1
550,BCOMP-1000B-550,2.082,1
551,BCOMP-1000B-551,2.101,1
552,BCOMP-1000B-552,2.103,1
553,BCOMP-1000B-553,2.09,1
554,BCOMP-1000B-554,2.1,1
555,BCOMP-1000B-555,2.092,1
556,BCOMP-1000B-556,2.069,1
557,BCOMP-1000B-557,2.069,1
558,BCOMP-1000B-558,2.085,1
559,BCOMP-1000B-559,2.09,1
560,BCOMP-1000B-560,2.096,1
561,BCOMP-1000B-561,2.09,1
562,BCOMP-1000B-562,2.092,1
563,BCOMP-1000B-563,2.095,1
564,BCOMP-1000B-564,2.088,1
565,BCOMP-1000B-565,2.086,1
566,BCOMP-1000B-566,2.112,1
567,BCOMP-1000B-567,2.106,1
568,BCOMP-1000B-568,2.095,1
569,BCOMP-1000B-569,2.085,1
570,BCOMP-1000B-570,2.078,1
571,BCOMP-1000B-571,2.065,1
572,BCOMP-1000B-572,2.084,1
573,BCOMP-1000B-573,2.093,1
574,BCOMP-1000B-574,2.075,1
575,BCOMP-1000B-575,2.084,1
576,BCOMP-1000B-576,2.091,1
577,BCOMP-1000B-577,2.091,1
578,BCOMP-1000B-578,2.092,1
579,BCOMP-1000B-579,2.091,1
580,BCOMP-1000B-580,2.095,1
581,BCOMP-1000B-581,2.089,1
582,BCOMP-1000B-582,2.099,1
583,BCOMP-1000B-583,2.088,1
584,BCOMP-1000B-584,2.087,1
585,BCOMP-1000B-585,2.095,1
586,BCOMP-1000B-586,2.089,1
587,BCOMP-1000B-587,2.117,1
588,BCOMP-1000B-588,2.088,1
589,BCOMP-1000B-589,2.093,1
590,BCOMP-1000B-590,2.096,1
591,BCOMP-1000B-591,2.087,1
592,BCOMP-1000B-592,2.098,1
593,BCOMP-1000B-593,2.093,1
594,BCOMP-1000B-594,2.089,1
595,BCOMP-1000B-595,2.092,1
596,BCOMP-1000B-596,2.097,1
597,BCOMP-1000B-597,2.095,1
598,BCOMP-1000B-598,2.089,1
599,BCOMP-1000B-599,2.233,1
600,BCOMP-1000B-600,2.098,1
601,BCOMP-1000B-601,2.101,1
602,BCOMP-1000B-602,2.088,1
603,BCOMP-1000B-603,2.093,1
604,BCOMP-1000B-604,2.102,1
605,BCOMP-1000B-605,2.102,1
606,BCOMP-1000B-606,2.094,1
607,BCOMP-1000B-607,2.095,1
608,BCOMP-1000B-608,2.096,1
609,BCOMP-1000B-609,2.097,1
610,BCOMP-1000B-610,2.095,1
611,BCOMP-1000B-611,2.099,1
612,BCOMP-1000B-612,2.081,1
613,BCOMP-1000B-613,2.07,1
614,BCOMP-1000B-614,2.084,1
615,BCOMP-1000B-615,2.104,1
616,BCOMP-1000B-616,2.091,1
617,BCOMP-1000B-617,2.092,1
618,BCOMP-1000B-618,2.096,1
619,BCOMP-1000B-619,2.094,1
620,BCOMP-1000B-620,2.1,1
621,BCOMP-1000B-621,2.098,1
622,BCOMP-1000B-622,2.095,1
623,BCOMP-1000B-623,2.096,1
624,BCOMP-1000B-624,2.104,1
625,BCOMP-1000B-625,2.092,1
626,BCOMP-1000B-626,2.099,1
627,BCOMP-1000B-627,2.108,1
628,BCOMP-1000B-628,2.082,1
629,BCOMP-1000B-629,2.095,1
630,BCOMP-1000B-630,2.078,1
631,BCOMP-1000B-631,2.086,1
632,BCOMP-1000B-632,2.088,1
633,BCOMP-1000B-633,2.092,1
634,BCOMP-1000B-634,2.094,1
635,BCOMP-1000B-635,2.097,1
636,BCOMP-1000B-636,2.098,1
637,BCOMP-1000B-637,2.093,1
638,BCOMP-1000B-638,2.087,1
639,BCOMP-1000B-639,2.09,1
640,BCOMP-1000B-640,2.095,1
641,BCOMP-1000B-641,2.09,1
642,BCOMP-1000B-642,2.09,1
643,BCOMP-1000B-643,2.088,1
644,BCOMP-1000B-644,2.093,1
645,BCOMP-1000B-645,2.095,1
646,BCOMP-1000B-646,2.096,1
647,BCOMP-1000B-647,2.102,1
648,BCOMP-1000B-648,2.079,1
649,BCOMP-1000B-649,2.093,1
650,BCOMP-1000B-650,2.098,1
651,BCOMP-1000B-651,2.091,1
652,BCOMP-1000B-652,2.098,1
653,BCOMP-1000B-653,2.09,1
654,BCOMP-1000B-654,2.095,1
655,BCOMP-1000B-655,2.118,1
656,BCOMP-1000B-656,2.087,1
657,BCOMP-1000B-657,2.098,1
658,BCOMP-1000B-658,2.099,1
659,BCOMP-1000B-659,2.103,1
660,BCOMP-1000B-660,2.091,1
661,BCOMP-1000B-661,2.098,1
662,BCOMP-1000B-662,2.085,1
663,BCOMP-1000B-663,2.092,1
664,BCOMP-1000B-664,2.095,1
665,BCOMP-1000B-665,2.094,1
666,BCOMP-1000B-666,2.093,1
667,BCOMP-1000B-667,2.19,1
668,BCOMP-1000B-668,2.239,1
669,BCOMP-1000B-669,2.075,1
670,BCOMP-1000B-670,2.088,1
671,BCOMP-1000B-671,2.099,1
672,BCOMP-1000B-672,2.087,1
673,BCOMP-1000B-673,2.097,1
674,BCOMP-1000B-674,2.096,1
675,BCOMP-1000B-675,2.091,1
676,BCOMP-1000B-676,2.083,1
677,BCOMP-1000B-677,2.087,1
678,BCOMP-1000B-678,2.093,1
679,BCOMP-1000B-679,2.091,1
680,BCOMP-1000B-680,2.088,1
681,BCOMP-1000B-681,2.092,1
682,BCOMP-1000B-682,2.089,1
683,BCOMP-1000B-683,2.086,1
684,BCOMP-1000B-684,2.085,1
685,BCOMP-1000B-685,2.091,1
686,BCOMP-1000B-686,2.095,1
687,BCOMP-1000B-687,2.088,1
688,BCOMP-1000B-688,2.09,1
689,BCOMP-1000B-689,2.101,1
690,BCOMP-1000B-690,2.094,1
691,BCOMP-1000B-691,2.09,1
692,BCOMP-1000B-692,2.093,1
693,BCOMP-1000B-693,2.091,1
694,BCOMP-1000B-694,2.089,1
695,BCOMP-1000B-695,2.087,1
696,BCOMP-1000B-696,2.094,1
697,BCOMP-1000B-697,2.094,1
698,BCOMP-1000B-698,2.09,1
699,BCOMP-1000B-699,2.101,1
700,BCOMP-1000B-700,2.093,1
701,BCOMP-1000B-701,2.094,1
702,BCOMP-1000B-702,2.097,1
703,BCOMP-1000B-703,2.1,1
704,BCOMP-1000B-704,2.08,1
705,BCOMP-1000B-705,2.084,1
706,BCOMP-1000B-706,2.095,1
707,BCOMP-1000B-707,2.092,1
708,BCOMP-1000B-708,2.087,1
709,BCOMP-1000B-709,2.097,1
710,BCOMP-1000B-710,2.094,1
711,BCOMP-1000B-711,2.097,1
712,BCOMP-1000B-712,2.094,1
713,BCOMP-1000B-713,2.094,1
714,BCOMP-1000B-714,2.094,1
715,BCOMP-1000B-715,2.078,1
716,BCOMP-1000B-716,2.093,1
717,BCOMP-1000B-717,2.099,1
718,BCOMP-1000B-718,2.089,1
719,BCOMP-1000B-719,2.1,1
720,BCOMP-1000B-720,2.085,1
721,BCOMP-1000B-721,2.094,1
722,BCOMP-1000B-722,2.101,1
723,BCOMP-1000B-723,2.098,1
724,BCOMP-1000B-724,2.095,1
725,BCOMP-1000B-725,2.099,1
726,BCOMP-1000B-726,2.097,1
727,BCOMP-1000B-727,2.1,1
728,BCOMP-1000B-728,2.095,1
729,BCOMP-1000B-729,2.102,1
730,BCOMP-1000B-730,2.098,1
731,BCOMP-1000B-731,2.093,1
732,BCOMP-1000B-732,2.121,1
733,BCOMP-1000B-733,2.094,1
734,BCOMP-1000B-734,2.103,1
735,BCOMP-1000B-735,2.093,1
736,BCOMP-1000B-736,2.08,1
737,BCOMP-1000B-737,2.091,1
738,BCOMP-1000B-738,2.118,1
739,BCOMP-1000B-739,2.135,1
740,BCOMP-1000B-740,2.112,1
741,BCOMP-1000B-741,2.1,1
742,BCOMP-1000B-742,2.101,1
743,BCOMP-1000B-743,2.102,1
744,BCOMP-1000B-744,2.099,1
745,BCOMP-1000B-745,2.087,1
746,BCOMP-1000B-746,2.097,1
747,BCOMP-1000B-747,2.094,1
748,BCOMP-1000B-748,2.103,1
749,BCOMP-1000B-749,2.106,1
750,BCOMP-1000B-750,2.092,1
751,BCOMP-1000B-751,2.102,1
752,BCOMP-1000B-752,2.097,1
753,BCOMP-1000B-753,2.085,1
754,BCOMP-1000B-754,2.104,1
755,BCOMP-1000B-755,2.095,1
756,BCOMP-1000B-756,2.097,1
757,BCOMP-1000B-757,2.099,1
758,BCOMP-1000B-758,2.096,1
759,BCOMP-1000B-759,2.098,1
760,BCOMP-1000B-760,2.093,1
761,BCOMP-1000B-761,2.086,1
762,BCOMP-1000B-762,2.094,1
763,BCOMP-1000B-763,2.105,1
764,BCOMP-1000B-764,2.107,1
765,BCOMP-1000B-765,2.092,1
766,BCOMP-1000B-766,2.1,1
767,BCOMP-1000B-767,2.097,1
768,BCOMP-1000B-768,2.097,1
769,BCOMP-1000B-769,2.096,1
770,BCOMP-1000B-770,2.079,1
771,BCOMP-1000B-771,2.088,1
772,BCOMP-1000B-772,2.103,1
773,BCOMP-1000B-773,2.099,1
774,BCOMP-1000B-774,2.091,1
775,BCOMP-1000B-775,2.097,1
776,BCOMP-1000B-776,2.093,1
777,BCOMP-1000B-777,2.103,1
778,BCOMP-1000B-778,2.099,1
779,BCOMP-1000B-779,2.096,1
780,BCOMP-1000B-780,2.089,1
781,BCOMP-1000B-781,2.103,1
782,BCOMP-1000B-782,2.097,1
783,BCOMP-1000B-783,2.098,1
784,BCOMP-1000B-784,2.097,1
785,BCOMP-1000B-785,2.093,1
786,BCOMP-1000B-786,2.219,1
787,BCOMP-1000B-787,2.092,1
788,BCOMP-1000B-788,2.09,1
789,BCOMP-1000B-789,2.102,1
790,BCOMP-1000B-790,2.114,1
791,BCOMP-1000B-791,2.106,1
792,BCOMP-1000B-792,2.1,1
793,BCOMP-1000B-793,2.093,1
794,BCOMP-1000B-794,2.114,1
795,BCOMP-1000B-795,2.112,1
796,BCOMP-1000B-796,2.092,1
797,BCOMP-1000B-797,2.096,1
798,BCOMP-1000B-798,2.084,1
799,BCOMP-1000B-799,2.1,1
800,BCOMP-1000B-800,2.08,1
801,BCOMP-1000B-801,2.107,1
802,BCOMP-1000B-802,2.093,1
803,BCOMP-1000B-803,2.094,1
804,BCOMP-1000B-804,2.101,1
805,BCOMP-1000B-805,2.101,1
806,BCOMP-1000B-806,2.109,1
807,BCOMP-1000B-807,2.089,1
808,BCOMP-1000B-808,2.09,1
809,BCOMP-1000B-809,2.103,1
810,BCOMP-1000B-810,2.088,1
811,BCOMP-1000B-811,2.09,1
812,BCOMP-1000B-812,2.093,1
813,BCOMP-1000B-813,2.094,1
814,BCOMP-1000B-814,2.095,1
815,BCOMP-1000B-815,2.09,1
816,BCOMP-1000B-816,2.094,1
817,BCOMP-1000B-817,2.086,1
818,BCOMP-1000B-818,2.095,1
819,BCOMP-1000B-819,2.101,1
820,BCOMP-1000B-820,2.091,1
821,BCOMP-1000B-821,2.093,1
822,BCOMP-1000B-822,2.093,1
823,BCOMP-1000B-823,2.084,1
824,BCOMP-1000B-824,2.084,1
825,BCOMP-1000B-825,2.094,1
826,BCOMP-1000B-826,2.074,1
827,BCOMP-1000B-827,2.082,1
828,BCOMP-1000B-828,2.098,1
829,BCOMP-1000B-829,2.097,1
830,BCOMP-1000B-830,2.09,1
831,BCOMP-1000B-831,2.108,1
832,BCOMP-1000B-832,2.09,1
833,BCOMP-1000B-833,2.104,1
834,BCOMP-1000B-834,2.095,1
835,BCOMP-1000B-835,2.092,1
836,BCOMP-1000B-836,2.095,1
837,BCOMP-1000B-837,2.097,1
838,BCOMP-1000B-838,2.094,1
839,BCOMP-1000B-839,2.096,1
840,BCOMP-1000B-840,2.095,1
841,BCOMP-1000B-841,2.093,1
842,BCOMP-1000B-842,2.095,1
843,BCOMP-1000B-843,2.093,1
844,BCOMP-1000B-844,2.094,1
845,BCOMP-1000B-845,2.095,1
846,BCOMP-1000B-846,2.096,1
847,BCOMP-1000B-847,2.095,1
848,BCOMP-1000B-848,2.086,1
849,BCOMP-1000B-849,2.094,1
850,BCOMP-1000B-850,2.094,1
851,BCOMP-1000B-851,2.095,1
852,BCOMP-1000B-852,2.095,1
853,BCOMP-1000B-853,2.097,1
854,BCOMP-1000B-854,2.087,1
855,BCOMP-1000B-855,2.081,1
856,BCOMP-1000B-856,2.094,1
857,BCOMP-1000B-857,2.102,1
858,BCOMP-1000B-858,2.097,1
859,BCOMP-1000B-859,2.091,1
860,BCOMP-1000B-860,2.098,1
861,BCOMP-1000B-861,2.095,1
862,BCOMP-1000B-862,2.1,1
863,BCOMP-1000B-863,2.089,1
864,BCOMP-1000B-864,2.097,1
865,BCOMP-1000B-865,2.096,1
866,BCOMP-1000B-866,2.094,1
867,BCOMP-1000B-867,2.101,1
868,BCOMP-1000B-868,2.093,1
869,BCOMP-1000B-869,2.094,1
870,BCOMP-1000B-870,2.088,1
871,BCOMP-1000B-871,2.094,1
872,BCOMP-1000B-872,2.093,1
873,BCOMP-1000B-873,2.095,1
874,BCOMP-1000B-874,2.09,1
875,BCOMP-1000B-875,2.097,1
876,BCOMP-1000B-876,2.092,1
877,BCOMP-1000B-877,2.097,1
878,BCOMP-1000B-878,2.093,1
879,BCOMP-1000B-879,2.097,1
880,BCOMP-1000B-880,2.092,1
881,BCOMP-1000B-881,2.094,1
882,BCOMP-1000B-882,2.098,1
883,BCOMP-1000B-883,2.089,1
884,BCOMP-1000B-884,2.078,1
885,BCOMP-1000B-885,2.087,1
886,BCOMP-1000B-886,2.09,1
887,BCOMP-1000B-887,2.096,1
888,BCOMP-1000B-888,2.097,1
889,BCOMP-1000B-889,2.088,1
890,BCOMP-1000B-890,2.09,1
891,BCOMP-1000B-891,2.085,1
892,BCOMP-1000B-892,2.088,1
893,BCOMP-1000B-893,2.094,1
894,BCOMP-1000B-894,2.085,1
895,BCOMP-1000B-895,2.091,1
896,BCOMP-1000B-896,2.095,1
897,BCOMP-1000B-897,2.085,1
898,BCOMP-1000B-898,2.067,1
899,BCOMP-1000B-899,2.087,1
900,BCOMP-1000B-900,2.095,1
901,BCOMP-1000B-901,2.091,1
902,BCOMP-1000B-902,2.096,1
903,BCOMP-1000B-903,2.095,1
904,BCOMP-1000B-904,2.097,1
905,BCOMP-1000B-905,2.093,1
906,BCOMP-1000B-906,2.088,1
907,BCOMP-1000B-907,2.095,1
908,BCOMP-1000B-908,2.089,1
909,BCOMP-1000B-909,2.089,1
910,BCOMP-1000B-910,2.091,1
911,BCOMP-1000B-911,2.077,1
912,BCOMP-1000B-912,2.086,1
913,BCOMP-1000B-913,2.082,1
914,BCOMP-1000B-914,2.096,1
915,BCOMP-1000B-915,2.091,1
916,BCOMP-1000B-916,2.091,1
917,BCOMP-1000B-917,2.089,1
918,BCOMP-1000B-918,2.092,1
919,BCOMP-1000B-919,2.085,1
920,BCOMP-1000B-920,2.087,1
921,BCOMP-1000B-921,2.091,1
922,BCOMP-1000B-922,2.093,1
923,BCOMP-1000B-923,2.094,1
924,BCOMP-1000B-924,2.091,1
925,BCOMP-1000B-925,2.094,1
926,BCOMP-1000B-926,2.069,1
927,BCOMP-1000B-927,2.085,1
928,BCOMP-1000B-928,2.091,1
929,BCOMP-1000B-929,2.09,1
930,BCOMP-1000B-930,2.096,1
931,BCOMP-1000B-931,2.092,1
932,BCOMP-1000B-932,2.083,1
933,BCOMP-1000B-933,2.093,1
934,BCOMP-1000B-934,2.092,1
935,BCOMP-1000B-935,2.093,1
936,BCOMP-1000B-936,2.092,1
937,BCOMP-1000B-937,2.094,1
938,BCOMP-1000B-938,2.093,1
939,BCOMP-1000B-939,2.096,1
940,BCOMP-1000B-940,2.099,1
941,BCOMP-1000B-941,2.086,1
942,BCOMP-1000B-942,2.09,1
943,BCOMP-1000B-943,2.092,1
944,BCOMP-1000B-944,2.082,1
945,BCOMP-1000B-945,2.114,1
946,BCOMP-1000B-946,2.084,1
947,BCOMP-1000B-947,2.098,1
948,BCOMP-1000B-948,2.1,1
949,BCOMP-1000B-949,2.087,1
950,BCOMP-1000B-950,2.105,1
951,BCOMP-1000B-951,2.091,1
952,BCOMP-1000B-952,2.089,1
953,BCOMP-1000B-953,2.091,1
954,BCOMP-1000B-954,2.086,1
955,BCOMP-1000B-955,2.083,1
956,BCOMP-1000B-956,2.089,1
957,BCOMP-1000B-957,2.093,1
958,BCOMP-1000B-958,2.089,1
959,BCOMP-1000B-959,2.094,1
960,BCOMP-1000B-960,2.088,1
961,BCOMP-1000B-961,2.091,1
962,BCOMP-1000B-962,2.088,1
963,BCOMP-1000B-963,2.094,1
964,BCOMP-1000B-964,2.089,1
965,BCOMP-1000B-965,2.081,1
966,BCOMP-1000B-966,2.089,1
967,BCOMP-1000B-967,2.092,1
968,BCOMP-1000B-968,2.092,1
969,BCOMP-1000B-969,2.096,1
970,BCOMP-1000B-970,2.091,1
971,BCOMP-1000B-971,2.092,1
972,BCOMP-1000B-972,2.093,1
973,BCOMP-1000B-973,2.084,1
974,BCOMP-1000B-974,2.085,1
975,BCOMP-1000B-975,2.09,1
976,BCOMP-1000B-976,2.092,1
977,BCOMP-1000B-977,2.097,1
978,BCOMP-1000B-978,2.091,1
979,BCOMP-1000B-979,2.094,1
980,BCOMP-1000B-980,2.095,1
981,BCOMP-1000B-981,2.095,1
982,BCOMP-1000B-982,2.093,1
983,BCOMP-1000B-983,2.096,1
984,BCOMP-1000B-984,2.096,1
985,BCOMP-1000B-985,2.091,1
986,BCOMP-1000B-986,2.097,1
987,BCOMP-1000B-987,2.125,1
988,BCOMP-1000B-988,2.087,1
989,BCOMP-1000B-989,2.105,1
990,BCOMP-1000B-990,2.091,1
991,BCOMP-1000B-991,2.095,1
992,BCOMP-1000B-992,2.093,1
993,BCOMP-1000B-993,2.088,1
994,BCOMP-1000B-994,2.089,1
995,BCOMP-1000B-995,2.091,1
996,BCOMP-1000B-996,2.094,1
997,BCOMP-1000B-997,2.091,1
998,BCOMP-1000B-998,2.084,1
999,BCOMP-1000B-999,2.093,1
1000,BCOMP-1000B-1000,2.095,1
